reino,nombre cient√≠fico,Nombe Completo,vernacular_name,Estatus_RD,Localizado_RD
Plantae,Clusia minor,Clusia minor,,NATIVA (N)                    ,S
Plantae,Annona squamosa,Annona squamosa,Ann,NATIVA (N)                    ,S
Plantae,Persea krugii,Persea krugii,,NATIVA (N)                    ,S
Plantae,Ocotea leucoxylon,Ocotea leucoxylon,Cigua prieta,NATIVA (N)                    ,S
Plantae,Ocotea foeniculacea,Ocotea foeniculacea,,NATIVA (N)                    ,S
Plantae,Beilschmiedia pendula,Beilschmiedia pendula,,NATIVA (N)                    ,S
Plantae,Peperomia obtusifolia,Peperomia obtusifolia,,NATIVA (N)                    ,S
Plantae,Peperomia distachya,Peperomia distachya,,NATIVA (N)                    ,S
Plantae,Peperomia serpens,Peperomia serpens,,NATIVA (N)                    ,S
Plantae,Piper aducum,Piper aducum,,NO DEFINIDO                   ,S
Plantae,Piper hispidum,Piper hispidum,,NATIVA (N)                    ,S
Plantae,Piper amalago,Piper amalago,,NATIVA (N)                    ,S
Plantae,Piper marginatum,Piper marginatum,,NO DEFINIDO                   ,S
Plantae,Pothomorphe peltata,Pothomorphe peltata,,NATIVA (N)                    ,S
Plantae,Aristolochia bilabiata,Aristolochia bilabiata,Bejuco de jengibre,NATIVA (N)                    ,S
Plantae,Aristolochia bilobata,Aristolochia bilobata,Bejuco calzn,NATIVA (N)                    ,S
Plantae,Ranunculus recurvatus,Ranunculus recurvatus,,NATIVA (N)                    ,S
Plantae,Cissampelos pareira,Cissampelos pareira,,NATIVA (N)                    ,S
Plantae,Argemone mexicana,Argemone mexicana,Cardo santo,NATIVA (N)                    ,S
Plantae,Bocconia frutescens,Bocconia frutescens,,NATIVA (N)                    ,S
Plantae,Celtis iguanaea,Celtis iguanaea,Arua gato,NATIVA (N)                    ,S
Plantae,Celtis trinervia,Celtis trinervia,Anisillo,NATIVA (N)                    ,S
Plantae,Ficus citrifolia,Ficus citrifolia,,NATIVA (N)                    ,S
Plantae,Maclura tinctoria,Maclura tinctoria,Mora,NATIVA (N)                    ,S
Plantae,Trophis racemosa,Trophis racemosa,,NATIVA (N)                    ,S
Plantae,Boehmeria cylindrica,Boehmeria cylindrica,,NATIVA (N)                    ,S
Plantae,Rivina humilis,Rivina humilis,,NATIVA (N)                    ,S
Plantae,Allionia incarnata,Allionia incarnata,,NATIVA (N)                    ,S
Plantae,Guapira discolor,Guapira discolor,,NATIVA (N)                    ,S
Plantae,Pisonia aculeata,Pisonia aculeata,Ua de gato,NATIVA (N)                    ,S
Plantae,Commicarpus scandens,Commicarpus scandens,,NATIVA (N)                    ,S
Plantae,Mirabilis jalapa,Mirabilis jalapa,Buenas tardes,NATIVA (N)                    ,S
Plantae,Rhipsalis baccifera,Rhipsalis baccifera,,NATIVA (N)                    ,S
Plantae,Mammillaria prolifera,Mammillaria prolifera,Bombillita,ENDEMICA (E)                  ,S
Plantae,Lemaireocereus hystrix,Lemaireocereus hystrix,,NATIVA (N)                    ,S
Plantae,Portulaca halimoides,Portulaca halimoides,,NATIVA (N)                    ,S
Plantae,Chenopodium murale,Chenopodium murale,,NATIVA (N)                    ,S
Plantae,Amaranthus crassipes,Amaranthus crassipes,Bledo,NATIVA (N)                    ,S
Plantae,Chamissoa altissima,Chamissoa altissima,Pabelln del rey,NATIVA (N)                    ,S
Plantae,Iresine diffusa,Iresine diffusa,,NATIVA (N)                    ,S
Plantae,Iresine angustifolia,Iresine angustifolia,,NATIVA (N)                    ,S
Plantae,Iresine herbstii,Iresine herbstii,Molleja,NATIVA (N)                    ,S
Plantae,Polygonum punctatum,Polygonum punctatum,,NO DEFINIDO                   ,S
Plantae,Coccoloba costata,Coccoloba costata,,NATIVA (N)                    ,S
Plantae,Coccoloba pubescens,Coccoloba pubescens,,NATIVA (N)                    ,S
Plantae,Laplacea portoricensis,Laplacea portoricensis,,ENDEMICA (E)                  ,S
Plantae,Clusia rosea,Clusia rosea,Copey,NATIVA (N)                    ,S
Plantae,Mammea americana,Mammea americana,,NATIVA (N)                    ,S
Plantae,Muntingia calabura,Muntingia calabura,,NATIVA (N)                    ,S
Plantae,Corchorus hirsutus,Corchorus hirsutus,Escobita dulce,NATIVA (N)                    ,S
Plantae,Triumfetta semitriloba,Triumfetta semitriloba,,NO DEFINIDO                   ,S
Plantae,Waltheria indica,Waltheria indica,,NATIVA (N)                    ,S
Plantae,Ceiba pentandra,Ceiba pentandra,Ceiba,NO DEFINIDO                   ,S
Plantae,Ochroma lagopus,Ochroma lagopus,,NO DEFINIDO                   ,S
Plantae,Hibiscus brasiliensis,Hibiscus brasiliensis,,NATIVA (N)                    ,S
Plantae,Hibiscus clypeatus,Hibiscus clypeatus,,NATIVA (N)                    ,S
Plantae,Abutilon abutiloides,Abutilon abutiloides,,NATIVA (N)                    ,S
Plantae,Pavonia spinifex,Pavonia spinifex,,NATIVA (N)                    ,S
Plantae,Sida rhombifolia,Sida rhombifolia,,NATIVA (N)                    ,S
Plantae,Turnera diffusa,Turnera diffusa,,NATIVA (N)                    ,S
Plantae,Passiflora multiflora,Passiflora multiflora,,NATIVA (N)                    ,S
Plantae,Passiflora suberosa,Passiflora suberosa,Morita,NATIVA (N)                    ,S
Plantae,Passiflora murucuja,Passiflora murucuja,Grenadille,NATIVA (N)                    ,S
Plantae,Passiflora rubra,Passiflora rubra,,NATIVA (N)                    ,S
Plantae,Carica papaya,Carica papaya,Lechosa,NO DEFINIDO                   ,S
Plantae,Cayaponia americana,Cayaponia americana,,NATIVA (N)                    ,S
Plantae,Luffa cylindrica,Luffa cylindrica,,NO DEFINIDO                   ,S
Plantae,Capparis cynophallophora,Capparis cynophallophora,,NATIVA (N)                    ,S
Plantae,Capparis flexuosa,Capparis flexuosa,,NATIVA (N)                    ,S
Plantae,Cleome aculeata,Cleome aculeata,Tabaquillo,NO DEFINIDO                   ,S
Plantae,Cleome viscosa,Cleome viscosa,Tabaquillo,INTRODUCIDA (I)               ,S
Plantae,Morisonia americana,Morisonia americana,,NATIVA (N)                    ,S
Plantae,Capsella bursa-pastoris,Capsella bursa-pastoris,,NATIVA (N)                    ,S
Plantae,Lepidium virginicum,Lepidium virginicum,Mastuerzo,NATIVA (N)                    ,S
Plantae,Manilkara albescens,Manilkara albescens,,NATIVA (N)                    ,S
Plantae,Pouteria dictyoneura,Pouteria dictyoneura,,ENDEMICA (E)                  ,S
Plantae,Anagallis arvensis,Anagallis arvensis,,NATIVA (N)                    ,S
Plantae,Fragaria vesca,Fragaria vesca,,NATIVA (N)                    ,S
Plantae,Malus pumila,Malus pumila,,INTRODUCIDA (I)               ,S
Plantae,Centrosema virginianum,Centrosema virginianum,Consuelo de los caminantes,NATIVA (N)                    ,S
Plantae,Acacia macracantha,Acacia macracantha,,NATIVA (N)                    ,S
Plantae,Bauhinia divaricata,Bauhinia divaricata,,ENDEMICA (E)                  ,S
Plantae,Delonix regia,Delonix regia,Flamboyn,NO DEFINIDO                   ,S
Plantae,Galactia striata,Galactia striata,Guatavito,NATIVA (N)                    ,S
Plantae,Pithecellobium dulce,Pithecellobium dulce,,NO DEFINIDO                   ,S
Plantae,Stylosanthes hamata,Stylosanthes hamata,Pela huevos,NATIVA (N)                    ,S
Plantae,Tamarindus indica,Tamarindus indica,Tamarindo,NO DEFINIDO                   ,S
Plantae,Tephrosia purpurea,Tephrosia purpurea,,NATIVA (N)                    ,S
Plantae,Eugenia ligustrina,Eugenia ligustrina,"Escobn, Arraijn",NATIVA (N)                    ,S
Plantae,Eugenia monticola,Eugenia monticola,Escobn blanco,NATIVA (N)                    ,S
Plantae,Eugenia pseudopsidium,Eugenia pseudopsidium,,NATIVA (N)                    ,S
Plantae,Eugenia rhombea,Eugenia rhombea,,NATIVA (N)                    ,S
Plantae,Myrcianthes fragrans,Myrcianthes fragrans,,NATIVA (N)                    ,S
Plantae,Pimenta racemosa,Pimenta racemosa,,NATIVA (N)                    ,S
Plantae,Pseudanamomis umbellulifera,Pseudanamomis umbellulifera,,NO DEFINIDO                   ,S
Plantae,Gomidesia lindeniana,Gomidesia lindeniana,,NATIVA (N)                    ,S
Plantae,Myrcia splendens,Myrcia splendens,,NATIVA (N)                    ,S
Plantae,Miconia laevigata,Miconia laevigata,Jau jau,NO DEFINIDO                   ,S
Plantae,Miconia tetrastoma,Miconia tetrastoma,,NATIVA (N)                    ,S
Plantae,Mouriri helleri,Mouriri helleri,,ENDEMICA (E)                  ,S
Plantae,Tetrazygia elaeagnoides,Tetrazygia elaeagnoides,,ENDEMICA (E)                  ,S
Plantae,Bucida buceras,Bucida buceras,,NATIVA (N)                    ,S
Plantae,Buchenavia capitata,Buchenavia capitata,,NATIVA (N)                    ,S
Plantae,Conocarpus erectus,Conocarpus erectus,,NATIVA (N)                    ,S
Plantae,Rhizophora mangle,Rhizophora mangle,,NO DEFINIDO                   ,S
Plantae,Cassipourea guianensis,Cassipourea guianensis,,NATIVA (N)                    ,S
Plantae,Ximenia americana,Ximenia americana,,NATIVA (N)                    ,S
Plantae,Scybalium jamaicense,Scybalium jamaicense,Retoo de la tierra,NATIVA (N)                    ,S
Plantae,Crossopetalum rhacoma,Crossopetalum rhacoma,,NATIVA (N)                    ,S
Plantae,Gyminda latifolia,Gyminda latifolia,,NATIVA (N)                    ,S
Plantae,Schaefferia frutescens,Schaefferia frutescens,Cabrita cimarrona,NATIVA (N)                    ,S
Plantae,Ilex macfadyenii,Ilex macfadyenii,Palo blaco,NATIVA (N)                    ,S
Plantae,Euphorbia cyathophora,Euphorbia cyathophora,Yerba lechera,NATIVA (N)                    ,S
Plantae,Euphorbia heterophylla,Euphorbia heterophylla,Yerba de leche,NATIVA (N)                    ,S
Plantae,Euphorbia peplus,Euphorbia peplus,,INTRODUCIDA (I)               ,S
Plantae,Acalypha alopecuroidea,Acalypha alopecuroidea,,NATIVA (N)                    ,S
Plantae,Alchornea latifolia,Alchornea latifolia,Aguacatillo,NATIVA (N)                    ,S
Plantae,Bernardia dichotoma,Bernardia dichotoma,,NATIVA (N)                    ,S
Plantae,Croton corylifolius,Croton corylifolius,Hueledor,NATIVA (N)                    ,S
Plantae,Croton betulinus,Croton betulinus,Palo de berraco,NATIVA (N)                    ,S
Plantae,Croton discolor,Croton discolor,Tremolina prieta,NATIVA (N)                    ,S
Plantae,Drypetes ilicifolia,Drypetes ilicifolia,,NATIVA (N)                    ,S
Plantae,Drypetes lateriflora,Drypetes lateriflora,Pae manuel,NATIVA (N)                    ,S
Plantae,Margaritaria nobilis,Margaritaria nobilis,Palo amargo,NATIVA (N)                    ,S
Plantae,Savia sessiliflora,Savia sessiliflora,Cuba negra,NATIVA (N)                    ,S
Plantae,Tragia volubilis,Tragia volubilis,Pringa moza,NATIVA (N)                    ,S
Plantae,Colubrina arborescens,Colubrina arborescens,,NATIVA (N)                    ,S
Plantae,Colubrina elliptica,Colubrina elliptica,Mab,NATIVA (N)                    ,S
Plantae,Gouania lupuloides,Gouania lupuloides,Bejuco de indio,NATIVA (N)                    ,S
Plantae,Krugiodendron ferreum,Krugiodendron ferreum,Quiebra hacha,NATIVA (N)                    ,S
Plantae,Rhamnus sphaerosperma,Rhamnus sphaerosperma,,NATIVA (N)                    ,S
Plantae,Vitis tiliifolia,Vitis tiliifolia,,NATIVA (N)                    ,S
Plantae,Cissus tuberculata,Cissus tuberculata,,NATIVA (N)                    ,S
Plantae,Allophylus occidentalis,Allophylus occidentalis,,NATIVA (N)                    ,S
Plantae,Allophylus crassinervis,Allophylus crassinervis,,NATIVA (N)                    ,S
Plantae,Cupania americana,Cupania americana,,NATIVA (N)                    ,S
Plantae,Exothea paniculata,Exothea paniculata,,NATIVA (N)                    ,S
Plantae,Hypelate trifoliata,Hypelate trifoliata,,NATIVA (N)                    ,S
Plantae,Serjania polyphylla,Serjania polyphylla,Bejuco de costilla,NATIVA (N)                    ,S
Plantae,Bursera simaruba,Bursera simaruba,Almacigo,NATIVA (N)                    ,S
Plantae,Zanthoxylum fagara,Zanthoxylum fagara,,NATIVA (N)                    ,S
Plantae,Zanthoxylum flavum,Zanthoxylum flavum,,NATIVA (N)                    ,S
Plantae,Zanthoxylum spinifex,Zanthoxylum spinifex,,NATIVA (N)                    ,S
Plantae,Amyris elemifera,Amyris elemifera,Guaconejo,NATIVA (N)                    ,S
Plantae,Citrus aurantifolia,Citrus aurantifolia,,NO DEFINIDO                   ,S
Plantae,Cedrela odorata,Cedrela odorata,,NATIVA (N)                    ,S
Plantae,Swietenia mahagoni,Swietenia mahagoni,Caoba,NATIVA (N)                    ,S
Plantae,Trichilia pallida,Trichilia pallida,,NATIVA (N)                    ,S
Plantae,Guaiacum sanctum,Guaiacum sanctum,"Vera, Guayacancillo",NATIVA (N)                    ,S
Plantae,Tribulus cistoides,Tribulus cistoides,,NATIVA (N)                    ,S
Plantae,Geranium rotundifolium,Geranium rotundifolium,,INTRODUCIDA (I)               ,S
Plantae,Erythroxylum areolatum,Erythroxylum areolatum,,NATIVA (N)                    ,S
Plantae,Erythroxylum brevipes,Erythroxylum brevipes,Papelillo,NATIVA (N)                    ,S
Plantae,Erythroxylum rufum,Erythroxylum rufum,,NATIVA (N)                    ,S
Plantae,Bunchosia glandulosa,Bunchosia glandulosa,Cabrita,NATIVA (N)                    ,S
Plantae,Tetrapteris buxifolia,Tetrapteris buxifolia,,NATIVA (N)                    ,S
Plantae,Polygala penaea,Polygala penaea,,NATIVA (N)                    ,S
Plantae,Securidaca virgata,Securidaca virgata,Maraved,NATIVA (N)                    ,S
Plantae,Dendropanax arboreus,Dendropanax arboreus,Bois ngresse,NATIVA (N)                    ,S
Plantae,Hydrocotyle hirsuta,Hydrocotyle hirsuta,,NATIVA (N)                    ,S
Plantae,Pastinaca sativa,Pastinaca sativa,,INTRODUCIDA (I)               ,S
Plantae,Echites umbellata,Echites umbellata,Bejuco de leche,NATIVA (N)                    ,S
Plantae,Plumeria obtusa,Plumeria obtusa,Aleli,NATIVA (N)                    ,S
Plantae,Rauvolfia nitida,Rauvolfia nitida,Palo de leche,NATIVA (N)                    ,S
Plantae,Tabernaemontana citrifolia,Tabernaemontana citrifolia,Palo de leche,NATIVA (N)                    ,S
Plantae,Vallesia antillana,Vallesia antillana,,NATIVA (N)                    ,S
Plantae,Calotropis procera,Calotropis procera,Algodon de seda,NO DEFINIDO                   ,S
Plantae,Solanum americanum,Solanum americanum,,NATIVA (N)                    ,S
Plantae,Solanum ciliatum,Solanum ciliatum,,NATIVA (N)                    ,S
Plantae,Solanum torvum,Solanum torvum,,NATIVA (N)                    ,S
Plantae,Solanum antillarum,Solanum antillarum,,NATIVA (N)                    ,S
Plantae,Capsicum frutescens,Capsicum frutescens,,NATIVA (N)                    ,S
Plantae,Cestrum daphnoides,Cestrum daphnoides,,ENDEMICA (E)                  ,S
Plantae,Datura metel,Datura metel,,NATIVA (N)                    ,S
Plantae,Nicotiana tabacum,Nicotiana tabacum,,NATIVA (N)                    ,S
Plantae,Physalis pubescens,Physalis pubescens,,NATIVA (N)                    ,S
Plantae,Nothocestrum brevifolium,Nothocestrum brevifolium,,ENDEMICA (E)                  ,S
Plantae,Convolvulus nodiflorus,Convolvulus nodiflorus,,NATIVA (N)                    ,S
Plantae,Dichondra sericea,Dichondra sericea,,NATIVA (N)                    ,S
Plantae,Jacquemontia verticillata,Jacquemontia verticillata,,NATIVA (N)                    ,S
Plantae,Merremia quinquefolia,Merremia quinquefolia,,NATIVA (N)                    ,S
Plantae,Gilia incisa,Gilia incisa,,NATIVA (N)                    ,S
Plantae,Heliotropium curassavicum,Heliotropium curassavicum,Yerba de alacrn,NATIVA (N)                    ,S
Plantae,Heliotropium angiospermum,Heliotropium angiospermum,Alacrancillo,NO DEFINIDO                   ,S
Plantae,Cordia globosa,Cordia globosa,Cinegal,NO DEFINIDO                   ,S
Plantae,Tournefortia hirsutissima,Tournefortia hirsutissima,Nigua,NATIVA (N)                    ,S
Plantae,Tournefortia volubilis,Tournefortia volubilis,Nigua,NO DEFINIDO                   ,S
Plantae,Lippia micromera,Lippia micromera,,NATIVA (N)                    ,S
Plantae,Avicennia germinans,Avicennia germinans,,NO DEFINIDO                   ,S
Plantae,Bouchea prismatica,Bouchea prismatica,,NATIVA (N)                    ,S
Plantae,Citharexylum fruticosum,Citharexylum fruticosum,Penda,NATIVA (N)                    ,S
Plantae,Lantana camara,Lantana camara,Doa sanica,NATIVA (N)                    ,S
Plantae,Lantana involucrata,Lantana involucrata,Doa sanica,NO DEFINIDO                   ,S
Plantae,Lantana reticulata,Lantana reticulata,,NATIVA (N)                    ,S
Plantae,Lantana urticifolia,Lantana urticifolia,,NATIVA (N)                    ,S
Plantae,Stachytarpheta jamaicensis,Stachytarpheta jamaicensis,,NATIVA (N)                    ,S
Plantae,Satureja brownei,Satureja brownei,,ENDEMICA (E)                  ,S
Plantae,Hyptis pectinata,Hyptis pectinata,,NATIVA (N)                    ,S
Plantae,Salvia occidentalis,Salvia occidentalis,,NATIVA (N)                    ,S
Plantae,Plantago lanceolata,Plantago lanceolata,,INTRODUCIDA (I)               ,S
Plantae,Forestiera segregata,Forestiera segregata,,NATIVA (N)                    ,S
Plantae,Jasminum fluminense,Jasminum fluminense,Jazmn,NO DEFINIDO                   ,S
Plantae,Bacopa monnieri,Bacopa monnieri,Arrocito,NO DEFINIDO                   ,S
Plantae,Gesneria reticulata,Gesneria reticulata,,NATIVA (N)                    ,S
Plantae,Catalpa longissima,Catalpa longissima,Roble,NATIVA (N)                    ,S
Plantae,Macfadyena unguis-cati,Macfadyena unguis-cati,Pega palo,NATIVA (N)                    ,S
Plantae,Schlegelia brachyantha,Schlegelia brachyantha,,NATIVA (N)                    ,S
Plantae,Oplonia microphylla,Oplonia microphylla,Arua canilla,NATIVA (N)                    ,S
Plantae,Ruellia coccinea,Ruellia coccinea,,NATIVA (N)                    ,S
Plantae,Ruellia tuberosa,Ruellia tuberosa,Tiquitaque,NATIVA (N)                    ,S
Plantae,Lobelia assurgens,Lobelia assurgens,,NATIVA (N)                    ,S
Plantae,Lobelia rotundifolia,Lobelia rotundifolia,,ENDEMICA (E)                  ,S
Plantae,Diodia ocymifolia,Diodia ocymifolia,,NATIVA (N)                    ,S
Plantae,Galium aparine,Galium aparine,,NATIVA (N)                    ,S
Plantae,Chiococca alba,Chiococca alba,Timacle,NATIVA (N)                    ,S
Plantae,Exostema caribaeum,Exostema caribaeum,"Quina criolla, Pi pi",NATIVA (N)                    ,S
Plantae,Exostema ellipticum,Exostema ellipticum,,NATIVA (N)                    ,S
Plantae,Guettarda elliptica,Guettarda elliptica,,NATIVA (N)                    ,S
Plantae,Guettarda pungens,Guettarda pungens,,ENDEMICA (E)                  ,S
Plantae,Hamelia patens,Hamelia patens,Buzunuco,NATIVA (N)                    ,S
Plantae,Hamelia axillaris,Hamelia axillaris,,NATIVA (N)                    ,S
Plantae,Morinda royoc,Morinda royoc,,NATIVA (N)                    ,S
Plantae,Psychotria nervosa,Psychotria nervosa,Caf cimarrn,NATIVA (N)                    ,S
Plantae,Psychotria guadalupensis,Psychotria guadalupensis,,NATIVA (N)                    ,S
Plantae,Psychotria nutans,Psychotria nutans,,NATIVA (N)                    ,S
Plantae,Psychotria uliginosa,Psychotria uliginosa,,NATIVA (N)                    ,S
Plantae,Randia aculeata,Randia aculeata,Serrasuela,NATIVA (N)                    ,S
Plantae,Antirhea lucida,Antirhea lucida,Yaya blanca,NATIVA (N)                    ,S
Plantae,Chione seminervis,Chione seminervis,,ENDEMICA (E)                  ,S
Plantae,Faramea occidentalis,Faramea occidentalis,,NATIVA (N)                    ,S
Plantae,Gonzalagunia spicata,Gonzalagunia spicata,,NATIVA (N)                    ,S
Plantae,Hillia parasitica,Hillia parasitica,,NATIVA (N)                    ,S
Plantae,Scolosanthus densiflorus,Scolosanthus densiflorus,,NATIVA (N)                    ,S
Plantae,Spermacoce assurgens,Spermacoce assurgens,Juana la blanca,NATIVA (N)                    ,S
Plantae,Mikania micrantha,Mikania micrantha,Cepucillo,NATIVA (N)                    ,S
Plantae,Taraxacum officinale,Taraxacum officinale,,INTRODUCIDA (I)               ,S
Plantae,Ambrosia peruviana,Ambrosia peruviana,,NATIVA (N)                    ,S
Plantae,Gnaphalium purpureum,Gnaphalium purpureum,,NATIVA (N)                    ,S
Plantae,Conyza canadensis,Conyza canadensis,,NATIVA (N)                    ,S
Plantae,Emilia fosbergii,Emilia fosbergii,Pincelito,NATIVA (N)                    ,S
Plantae,Galinsoga parviflora,Galinsoga parviflora,Botn de oro,NATIVA (N)                    ,S
Plantae,Hieracium gronovii,Hieracium gronovii,Clavellina,NATIVA (N)                    ,S
Plantae,Lapsana communis,Lapsana communis,,INTRODUCIDA (I)               ,S
Plantae,Parthenium hysterophorus,Parthenium hysterophorus,Escobita amarga,NATIVA (N)                    ,S
Plantae,Sonchus oleraceus,Sonchus oleraceus,Achicoria,INTRODUCIDA (I)               ,S
Plantae,Tithonia diversifolia,Tithonia diversifolia,Margarita haitiana,INTRODUCIDA (I)               ,S
Plantae,Adenostemma verbesina,Adenostemma verbesina,,NATIVA (N)                    ,S
Plantae,Commelina erecta,Commelina erecta,Suelda con suelda,NO DEFINIDO                   ,S
Plantae,Aploleia monandra,Aploleia monandra,,NATIVA (N)                    ,S
Plantae,Fimbristylis cymosa,Fimbristylis cymosa,Pajn de agua,NATIVA (N)                    ,S
Plantae,Schoenus nigricans,Schoenus nigricans,,NATIVA (N)                    ,S
Plantae,Scleria cubensis,Scleria cubensis,,NATIVA (N)                    ,S
Plantae,Andropogon glomeratus,Andropogon glomeratus,,NATIVA (N)                    ,S
Plantae,Panicum maximum,Panicum maximum,Hierba de guinea,NO DEFINIDO                   ,S
Plantae,Paspalum fimbriatum,Paspalum fimbriatum,,NATIVA (N)                    ,S
Plantae,Poa annua,Poa annua,,NATIVA (N)                    ,S
Plantae,Setaria geniculata,Setaria geniculata,,NATIVA (N)                    ,S
Plantae,Tripsacum floridanum,Tripsacum floridanum,,NATIVA (N)                    ,S
Plantae,Bothriochloa pertusa,Bothriochloa pertusa,Pajn haitiano,NO DEFINIDO                   ,S
Plantae,Brachiaria mutica,Brachiaria mutica,Yerba paez,NO DEFINIDO                   ,S
Plantae,Chloris inflata,Chloris inflata,,NO DEFINIDO                   ,S
Plantae,Hymenachne amplexicaulis,Hymenachne amplexicaulis,,NO DEFINIDO                   ,S
Plantae,Ichnanthus axillaris,Ichnanthus axillaris,,NATIVA (N)                    ,S
Plantae,Ichnanthus pallens,Ichnanthus pallens,,NATIVA (N)                    ,S
Plantae,Leptochloopsis virgata,Leptochloopsis virgata,Espartillo,NATIVA (N)                    ,S
Plantae,Aechmea nudicaulis,Aechmea nudicaulis,Pega palo,NATIVA (N)                    ,S
Plantae,Catopsis nitida,Catopsis nitida,,NATIVA (N)                    ,S
Plantae,Catopsis nutans,Catopsis nutans,,NATIVA (N)                    ,S
Plantae,Guzmania berteroniana,Guzmania berteroniana,,NATIVA (N)                    ,S
Plantae,Guzmania lingulata,Guzmania lingulata,,NATIVA (N)                    ,S
Plantae,Guzmania monostachya,Guzmania monostachya,,NATIVA (N)                    ,S
Plantae,Tillandsia balbisiana,Tillandsia balbisiana,,NATIVA (N)                    ,S
Plantae,Tillandsia fasciculata,Tillandsia fasciculata,,NATIVA (N)                    ,S
Plantae,Tillandsia polystachia,Tillandsia polystachia,,NATIVA (N)                    ,S
Plantae,Tillandsia pruinosa,Tillandsia pruinosa,,NATIVA (N)                    ,S
Plantae,Tillandsia recurvata,Tillandsia recurvata,,NATIVA (N)                    ,S
Plantae,Tillandsia usneoides,Tillandsia usneoides,Guajaca,NATIVA (N)                    ,S
Plantae,Tillandsia valenzuelana,Tillandsia valenzuelana,,NATIVA (N)                    ,S
Plantae,Vriesea ringens,Vriesea ringens,,NATIVA (N)                    ,S
Plantae,Vriesea sintenisii,Vriesea sintenisii,,NATIVA (N)                    ,S
Plantae,Heliconia caribaea,Heliconia caribaea,,NATIVA (N)                    ,S
Plantae,Canna indica,Canna indica,,NATIVA (N)                    ,S
Plantae,Prestoea montana,Prestoea montana,Manacla,NATIVA (N)                    ,S
Plantae,Anthurium scandens,Anthurium scandens,Cerezo,NATIVA (N)                    ,S
Plantae,Smilax havanensis,Smilax havanensis,,NATIVA (N)                    ,S
Plantae,Rajania cordata,Rajania cordata,,NATIVA (N)                    ,S
Plantae,Habenaria distans,Habenaria distans,,NATIVA (N)                    ,S
Plantae,Bletia patula,Bletia patula,,NATIVA (N)                    ,S
Plantae,Brassia caudata,Brassia caudata,,NATIVA (N)                    ,S
Plantae,Cranichis muscosa,Cranichis muscosa,,NATIVA (N)                    ,S
Plantae,Cyrtopodium punctatum,Cyrtopodium punctatum,Canuela,NATIVA (N)                    ,S
Plantae,Epidendrum anceps,Epidendrum anceps,,NATIVA (N)                    ,S
Plantae,Epidendrum difforme,Epidendrum difforme,,NATIVA (N)                    ,S
Plantae,Epidendrum ramosum,Epidendrum ramosum,,NATIVA (N)                    ,S
Plantae,Epidendrum jamaicense,Epidendrum jamaicense,,NATIVA (N)                    ,S
Plantae,Erythrodes hirtella,Erythrodes hirtella,,NATIVA (N)                    ,S
Plantae,Erythrodes plantaginea,Erythrodes plantaginea,,NATIVA (N)                    ,S
Plantae,Govenia utriculata,Govenia utriculata,,NATIVA (N)                    ,S
Plantae,Macradenia lutescens,Macradenia lutescens,,NATIVA (N)                    ,S
Plantae,Malaxis unifolia,Malaxis unifolia,,NATIVA (N)                    ,S
Plantae,Maxillaria coccinea,Maxillaria coccinea,,NATIVA (N)                    ,S
Plantae,Maxillaria rufescens,Maxillaria rufescens,,NATIVA (N)                    ,S
Plantae,Pleurothallis ruscifolia,Pleurothallis ruscifolia,,NATIVA (N)                    ,S
Plantae,Pleurothallis wilsonii,Pleurothallis wilsonii,,NATIVA (N)                    ,S
Plantae,Ponthieva ventricosa,Ponthieva ventricosa,,NATIVA (N)                    ,S
Plantae,Tetramicra canaliculata,Tetramicra canaliculata,,ENDEMICA (E)                  ,S
Plantae,Tropidia polystachya,Tropidia polystachya,,NATIVA (N)                    ,S
Plantae,Dichaea hystricina,Dichaea hystricina,,NATIVA (N)                    ,S
Plantae,Dichaea muricata,Dichaea muricata,,NATIVA (N)                    ,S
Plantae,Dilomilis montana,Dilomilis montana,,NATIVA (N)                    ,S
Plantae,Domingoa haematochila,Domingoa haematochila,,NATIVA (N)                    ,S
Plantae,Isochilus linearis,Isochilus linearis,,NATIVA (N)                    ,S
Plantae,Jacquiniella globosa,Jacquiniella globosa,,NATIVA (N)                    ,S
Plantae,Jacquiniella teretifolia,Jacquiniella teretifolia,,NATIVA (N)                    ,S
Plantae,Polystachya concreta,Polystachya concreta,,NATIVA (N)                    ,S
Plantae,Acacia scleroxyla,Acacia scleroxyla,,ENDEMICA (E)                  ,S
Plantae,Oreopanax capitatus,Oreopanax capitatus,Palo de viento,NATIVA (N)                    ,S
Plantae,Albizia carbonaria,Albizia carbonaria,,NATIVA (N)                    ,S
Plantae,Baccharis myrsinites,Baccharis myrsinites,Palo de toro,NATIVA (N)                    ,S
Plantae,Barleriola solanifolia,Barleriola solanifolia,Doncella,NATIVA (N)                    ,S
Plantae,Ziziphus reticulata,Ziziphus reticulata,,NATIVA (N)                    ,S
Plantae,Ziziphus rignonii,Ziziphus rignonii,,NATIVA (N)                    ,S
Plantae,Pluchea carolinensis,Pluchea carolinensis,Salvia blanca,NATIVA (N)                    ,S
Plantae,Eupatorium odoratum,Eupatorium odoratum,Rompezaraguey,NATIVA (N)                    ,S
Plantae,Eupatorium microstemon,Eupatorium microstemon,Yerba amarga,NATIVA (N)                    ,S
Plantae,Boerhavia coccinea,Boerhavia coccinea,,NATIVA (N)                    ,S
Plantae,Bromus catharticus,Bromus catharticus,,NATIVA (N)                    ,S
Plantae,Calliandra haematomma,Calliandra haematomma,Oreganillo,NATIVA (N)                    ,S
Plantae,Canavalia nitida,Canavalia nitida,Mate colorado,NATIVA (N)                    ,S
Plantae,Casearia guianensis,Casearia guianensis,Caf cimarrn,NATIVA (N)                    ,S
Plantae,Chamaecrista glandulosa,Chamaecrista glandulosa,,ENDEMICA (E)                  ,S
Plantae,Chamaesyce adenoptera,Chamaesyce adenoptera,Leche de virgen,ENDEMICA (E)                  ,S
Plantae,Chrysophyllum oliviforme,Chrysophyllum oliviforme,Caimito de perro,NATIVA (N)                    ,S
Plantae,Cissus verticillata,Cissus verticillata,Bejuco caro,NATIVA (N)                    ,S
Plantae,Clusia clusioides,Clusia clusioides,,NATIVA (N)                    ,S
Plantae,Colubrina glandulosa,Colubrina glandulosa,,NATIVA (N)                    ,S
Plantae,Cordia laevigata,Cordia laevigata,Mueco,NO DEFINIDO                   ,S
Plantae,Dalea carthagenensis,Dalea carthagenensis,Absinthe,NATIVA (N)                    ,S
Plantae,Desmodium axillare,Desmodium axillare,Amor seco,NATIVA (N)                    ,S
Plantae,Dichaea swartzii,Dichaea swartzii,,NATIVA (N)                    ,S
Plantae,Dieffenbachia seguine,Dieffenbachia seguine,Matapuerco,NATIVA (N)                    ,S
Plantae,Duranta erecta,Duranta erecta,,NATIVA (N)                    ,S
Plantae,Eltroplectris calcarata,Eltroplectris calcarata,,NATIVA (N)                    ,S
Plantae,Encyclia gravida,Encyclia gravida,,NATIVA (N)                    ,S
Plantae,Epidendrum rigidum,Epidendrum rigidum,,NATIVA (N)                    ,S
Plantae,Epidendrum strobiliferum,Epidendrum strobiliferum,,NATIVA (N)                    ,S
Plantae,Eriobotrya japonica,Eriobotrya japonica,,COLONIZADORA (C)              ,S
Plantae,Eupatorium sinuatum,Eupatorium sinuatum,,NATIVA (N)                    ,S
Plantae,Galactia dubia,Galactia dubia,,NATIVA (N)                    ,S
Plantae,Gliricidia sepium,Gliricidia sepium,Pin cubano,NO DEFINIDO                   ,S
Plantae,Gymnanthes lucida,Gymnanthes lucida,Palo de tabaco,NATIVA (N)                    ,S
Plantae,Heliconia bihai,Heliconia bihai,,NATIVA (N)                    ,S
Plantae,Helicteres jamaicensis,Helicteres jamaicensis,,NATIVA (N)                    ,S
Plantae,Homalium racemosum,Homalium racemosum,Corazn de paloma,NATIVA (N)                    ,S
Plantae,Hypericum hypericoides,Hypericum hypericoides,,NATIVA (N)                    ,S
Plantae,Inga vera,Inga vera,Guama,NATIVA (N)                    ,S
Plantae,Jacquinia stenophylla,Jacquinia stenophylla,,NATIVA (N)                    ,S
Plantae,Kalanchoe daigremontiana,Kalanchoe daigremontiana,"Mal padre, tope tope",NO DEFINIDO                   ,S
Plantae,Lobelia robusta,Lobelia robusta,,NATIVA (N)                    ,S
Plantae,Lonchocarpus domingensis,Lonchocarpus domingensis,Ann de majagua,NATIVA (N)                    ,S
Plantae,Lyonia truncata,Lyonia truncata,,ENDEMICA (E)                  ,S
Plantae,Macroptilium lathyroides,Macroptilium lathyroides,Ajai o habichuelita,NO DEFINIDO                   ,S
Plantae,Malvastrum corchorifolium,Malvastrum corchorifolium,,NATIVA (N)                    ,S
Plantae,Malvastrum coromandelianum,Malvastrum coromandelianum,,NATIVA (N)                    ,S
Plantae,Melochia tomentosa,Melochia tomentosa,,NATIVA (N)                    ,S
Plantae,Mimosa diplotricha,Mimosa diplotricha,,ENDEMICA (E)                  ,S
Plantae,Mucuna urens,Mucuna urens,,NO DEFINIDO                   ,S
Plantae,Myrsine coriacea,Myrsine coriacea,,NATIVA (N)                    ,S
Plantae,Olyra latifolia,Olyra latifolia,,NATIVA (N)                    ,S
Plantae,Ocimum gratissimum,Ocimum gratissimum,,NATIVA (N)                    ,S
Plantae,Ocotea patens,Ocotea patens,,NATIVA (N)                    ,S
Plantae,Oncidium meirax,Oncidium meirax,,NATIVA (N)                    ,S
Plantae,Oxalis eggersii,Oxalis eggersii,,NATIVA (N)                    ,S
Plantae,Oxandra lanceolata,Oxandra lanceolata,Yaya,NATIVA (N)                    ,S
Plantae,Pavonia paludicola,Pavonia paludicola,,NO DEFINIDO                   ,S
Plantae,Pharus lappulaceus,Pharus lappulaceus,,NATIVA (N)                    ,S
Plantae,Phoradendron mucronatum,Phoradendron mucronatum,,NATIVA (N)                    ,S
Plantae,Piper aduncum,Piper aduncum,Guayuyo,NATIVA (N)                    ,S
Plantae,Pleurothallis domingensis,Pleurothallis domingensis,,NATIVA (N)                    ,S
Plantae,Pleurothallis obovata,Pleurothallis obovata,,NATIVA (N)                    ,S
Plantae,Pleurothallis pubescens,Pleurothallis pubescens,,NATIVA (N)                    ,S
Plantae,Polygala crucianelloides,Polygala crucianelloides,,NATIVA (N)                    ,S
Plantae,Portulaca rubricaulis,Portulaca rubricaulis,,NATIVA (N)                    ,S
Plantae,Priva lappulacea,Priva lappulacea,"Pega pega, Amor seco",NATIVA (N)                    ,S
Plantae,Prunus occidentalis,Prunus occidentalis,,NATIVA (N)                    ,S
Plantae,Psiguria pedata,Psiguria pedata,,NATIVA (N)                    ,S
Plantae,Psychotria domingensis,Psychotria domingensis,,NATIVA (N)                    ,S
Plantae,Pueraria phaseoloides,Pueraria phaseoloides,,NO DEFINIDO                   ,S
Plantae,Renealmia jamaicensis,Renealmia jamaicensis,,NATIVA (N)                    ,S
Plantae,Rhynchosia reticulata,Rhynchosia reticulata,Bejuco de sabana,NATIVA (N)                    ,S
Plantae,Rubus niveus,Rubus niveus,,INTRODUCIDA (I)               ,S
Plantae,Sabal causiarum,Sabal causiarum,Palma cana,NATIVA (N)                    ,S
Plantae,Senna mexicana,Senna mexicana,,NATIVA (N)                    ,S
Plantae,Senna occidentalis,Senna occidentalis,Brusca,NO DEFINIDO                   ,S
Plantae,Senna spectabilis,Senna spectabilis,,NATIVA (N)                    ,S
Plantae,Sideroxylon foetidissimum,Sideroxylon foetidissimum,Caya amarilla,NO DEFINIDO                   ,S
Plantae,Sideroxylon obovatum,Sideroxylon obovatum,Sideroxylon obovatum,NATIVA (N)                    ,S
Plantae,Spermacoce verticillata,Spermacoce verticillata,,NATIVA (N)                    ,S
Plantae,Spiranthes torta,Spiranthes torta,,NATIVA (N)                    ,S
Plantae,Stigmaphyllon emarginatum,Stigmaphyllon emarginatum,Bejuco tumba gente,NATIVA (N)                    ,S
Plantae,Tillandsia tenuifolia,Tillandsia tenuifolia,,NATIVA (N)                    ,S
Plantae,Tillandsia variabilis,Tillandsia variabilis,,NATIVA (N)                    ,S
Plantae,Torralbasia cuneifolia,Torralbasia cuneifolia,,NATIVA (N)                    ,S
Plantae,Trichostigma octandrum,Trichostigma octandrum,Bejuco de pabelln,NATIVA (N)                    ,S
Plantae,Turpinia occidentalis,Turpinia occidentalis,,NO DEFINIDO                   ,S
Plantae,Uncinia hamata,Uncinia hamata,,NATIVA (N)                    ,S
Plantae,Carapa guianensis,Carapa guianensis,Cabirma santa,NO DEFINIDO                   ,S
Plantae,Ocimum campechianum,Ocimum campechianum,,NATIVA (N)                    ,S
Plantae,Rhytidophyllum auriculatum,Rhytidophyllum auriculatum,,NATIVA (N)                    ,S
Plantae,Acacia vogeliana,Acacia vogeliana,,NATIVA (N)                    ,S
Plantae,Anacheilium cochleatum,Anacheilium cochleatum,,NATIVA (N)                    ,S
Plantae,Andropogon gracilis,Andropogon gracilis,,NATIVA (N)                    ,S
Plantae,Ateramnus lucidus,Ateramnus lucidus,,NATIVA (N)                    ,S
Plantae,Buchnera elongata,Buchnera elongata,,NATIVA (N)                    ,S
Plantae,Calophyllum calaba,Calophyllum calaba,"Mara, Bara",NATIVA (N)                    ,S
Plantae,Campelia zanonia,Campelia zanonia,,NATIVA (N)                    ,S
Plantae,Consolea moniliformis,Consolea moniliformis,Alpargata,NATIVA (N)                    ,S
Plantae,Eugenia maleolens,Eugenia maleolens,,NATIVA (N)                    ,S
Plantae,Ficus laevigata,Ficus laevigata,Higo cimarrn,NATIVA (N)                    ,S
Plantae,Ficus retusa,Ficus retusa,,NO DEFINIDO                   ,S
Plantae,Ficus sintenisii,Ficus sintenisii,,NATIVA (N)                    ,S
Plantae,Gnaphalium domingense,Gnaphalium domingense,Artemisa blanca,NATIVA (N)                    ,S
Plantae,Gnaphalium indicum,Gnaphalium indicum,,NATIVA (N)                    ,S
Plantae,Hemidiodia ocymifolia,Hemidiodia ocymifolia,,NATIVA (N)                    ,S
Plantae,Malpighia punicifolia,Malpighia punicifolia,Cereza,NO DEFINIDO                   ,S
Plantae,Pelexia adnata,Pelexia adnata,,NATIVA (N)                    ,S
Plantae,Peperomia myrtillus,Peperomia myrtillus,,NATIVA (N)                    ,S
Plantae,Phytolacca icosandra,Phytolacca icosandra,,NATIVA (N)                    ,S
Plantae,Pseudophoenix vinifera,Pseudophoenix vinifera,Cacheo,ENDEMICA (E)                  ,S
Plantae,Rajania ovata,Rajania ovata,,NATIVA (N)                    ,S
Plantae,Samanea saman,Samanea saman,Samn,NO DEFINIDO                   ,S
Plantae,Samyda dodecandra,Samyda dodecandra,Derrienga chiva,NATIVA (N)                    ,S
Plantae,Setaria macrostachya,Setaria macrostachya,,NATIVA (N)                    ,S
Plantae,Vaccinium racemosum,Vaccinium racemosum,,NATIVA (N)                    ,S
Plantae,Vanilla vanilla,Vanilla vanilla,Vainilla,NATIVA (N)                    ,S
Plantae,Zapoteca portoricensis,Zapoteca portoricensis,,NATIVA (N)                    ,S
Plantae,Amyris diatrypa,Amyris diatrypa,,NATIVA (N)                    ,S
Plantae,Broughtonia domingensis,Broughtonia domingensis,Flor de mayo,ENDEMICA (E)                  ,S
Plantae,Cecropia schreberiana,Cecropia schreberiana,Yagrumo,NO DEFINIDO                   ,S
Plantae,Epidendrum carpophorum,Epidendrum carpophorum,,NATIVA (N)                    ,S
Plantae,Melinis repens,Melinis repens,,NATIVA (N)                    ,S
Plantae,Poitea paucifolia,Poitea paucifolia,Tabacuelo morado,NATIVA (N)                    ,S
Plantae,Solanum americanum,Solanum americanum,,NATIVA (N)                    ,S
Plantae,Tephrosia purpurea,Tephrosia purpurea,Indigo,NATIVA (N)                    ,S
Plantae,Tillandsia tenuifolia,Tillandsia tenuifolia,,NATIVA (N)                    ,S
Plantae,Tolumnia variegata,Tolumnia variegata,Orqudea,NATIVA (N)                    ,S
Plantae,Capsicum frutescens,Capsicum frutescens,,NATIVA (N)                    ,S
Plantae,Andropogon gracilis,Andropogon gracilis,,NATIVA (N)                    ,S
Plantae,Bothriochloa pertusa,Bothriochloa pertusa,,NO DEFINIDO                   ,S
Plantae,Setaria geniculata,Setaria geniculata,,NATIVA (N)                    ,S
Plantae,Setaria geniculata,Setaria geniculata,,NATIVA (N)                    ,S
Plantae,Indigofera jamaicensis,Indigofera jamaicensis,Indigofera,NO DEFINIDO                   ,S
Plantae,Solandra longiflora,Solandra longiflora,,NATIVA (N)                    ,S
Plantae,Datura metel,Datura metel,,NATIVA (N)                    ,S
Plantae,Solanum crotonoides,Solanum crotonoides,,NATIVA (N)                    ,S
Plantae,Solanum microphyllum,Solanum microphyllum,,ENDEMICA (E)                  ,S
Plantae,Solanum umbellatum,Solanum umbellatum,,NATIVA (N)                    ,S
Plantae,Calophyllum calaba,Calophyllum calaba,"Mara, Bara",NATIVA (N)                    ,S
Plantae,Coccoloba buchii,Coccoloba buchii,Uva cimarrona,ENDEMICA (E)                  ,S
Plantae,Manilkara valenzuelana,Manilkara valenzuelana,,NATIVA (N)                    ,S
Plantae,Zanthoxylum tragodes,Zanthoxylum tragodes,,ENDEMICA (E)                  ,S
Plantae,Gesneria ekmanii,Gesneria ekmanii,,ENDEMICA (E)                  ,S
Plantae,Columnea domingensis,Columnea domingensis,,ENDEMICA (E)                  ,S
Plantae,Bellonia spinosa,Bellonia spinosa,,ENDEMICA (E)                  ,S
Plantae,Rhytidophyllum asperum,Rhytidophyllum asperum,,ENDEMICA (E)                  ,S
Plantae,Rhytidophyllum vernicosum,Rhytidophyllum vernicosum,,ENDEMICA (E)                  ,S
Plantae,Gesneria saxatilis,Gesneria saxatilis,,ENDEMICA (E)                  ,S
Plantae,Alloplectus sanguineus,Alloplectus sanguineus,,ENDEMICA (E)                  ,S
Plantae,Duranta arida,Duranta arida,,ENDEMICA (E)                  ,S
Plantae, ,Plumeria subsessilis,Aleli,ENDEMICA (E)                  ,S
Plantae, ,Roystonea hispaniola,Palma real,ENDEMICA (E)                  ,S
Plantae, ,Sabal domingensis,Palma cana,ENDEMICA (E)                  ,S
Plantae,Cordia curassavica,Cordia curassavica,Juan prieto,NATIVA (N)                    ,S
Plantae, ,Tabebuia berterii,Roble,ENDEMICA (E)                  ,S
Plantae, ,Tournefortia hirsutissima,Bejuco de nigua,NO DEFINIDO                   ,S
Plantae, ,Crossopetalum decussatum,,ENDEMICA (E)                  ,S
Plantae, ,Capparis ferruginea,Frijolito,NO DEFINIDO                   ,S
Plantae, ,Schaefferia ephedroides,Pinito,ENDEMICA (E)                  ,S
Plantae, ,Ateleia gummifera,Goma,NATIVA (N)                    ,S
Plantae, ,Exostema nitens,Cafetillo,ENDEMICA (E)                  ,S
Plantae, ,Swietenia mahagoni,Caoba,NATIVA (N)                    ,S
Plantae,Garrya fadyenii,Garrya fadyenii,,NATIVA (N)                    ,S
Plantae, ,Agave antillarum,Maguey de bestia,ENDEMICA (E)                  ,S
Plantae, ,Dendrocereus undatus,Cayuco,NATIVA (N)                    ,S
Plantae, ,Harrisia,Yasa,NO DEFINIDO                   ,S
Plantae, ,Adiatum,Helecho,NO DEFINIDO                   ,S
Plantae, ,Phyllostylon rhamnoides,Baitoa,NO DEFINIDO                   ,S
Plantae,Acalypha chamaedrifolia,Acalypha chamaedrifolia,,NATIVA (N)                    ,S
Plantae,Chamaesyce berteroana,Chamaesyce berteroana,Yerba lechera,NATIVA (N)                    ,S
Plantae, ,Coccoloba nodosa,Uva cimarrona,NO DEFINIDO                   ,S
Plantae, ,Guettarda,Guettarda,ENDEMICA (E)                  ,S
Plantae, ,Scolosanthus triacanthus,Scolosanthus triacanthus,ENDEMICA (E)                  ,S
Plantae, ,Dodonaea viscosa,Palo de rey,ENDEMICA (E)                  ,S
Plantae, ,Thouinia palantinervis,Vara de caballo,ENDEMICA (E)                  ,S
Plantae, ,Thouinia trifoliata,Cucharita,NATIVA (N)                    ,S
Plantae, ,Apassalus diffusa,,ENDEMICA (E)                  ,S
Plantae,Galium hypocarpium,Galium hypocarpium,,NATIVA (N)                    ,S
Plantae, ,Agave intermixta,Maguey,ENDEMICA (E)                  ,S
Plantae, ,Bomarea edulis,Lirio,NATIVA (N)                    ,S
Plantae, ,Comocladia ekmaniana,Guao,ENDEMICA (E)                  ,S
Plantae, ,Metopium brownei,,NATIVA (N)                    ,S
Plantae, ,Annona bicolor,Guanabanita,ENDEMICA (E)                  ,S
Plantae, ,Ciclospermun leptophyllum,,INTRODUCIDA (I)               ,S
Plantae, ,Daucos carota,Zanahoria,NO DEFINIDO                   ,S
Plantae, ,Angadenia lindeniana,,NATIVA (N)                    ,S
Plantae, ,Asketanthera ekmaniana,,ENDEMICA (E)                  ,S
Plantae, ,Aspidosperma cuspa,Bois amer blanc,ENDEMICA (E)                  ,S
Plantae, ,Cameraria linearifolia,,ENDEMICA (E)                  ,S
Plantae, ,Mesechites angustifolia,Bejuco pepecaba,ENDEMICA (E)                  ,S
Plantae, ,Pentalinon luteun,Bejuco ahoga vaca,NATIVA (N)                    ,S
Plantae,Prescottia stachyodes,Prescottia stachyodes,,NATIVA (N)                    ,S
Plantae, ,Vallesia montana,,NATIVA (N)                    ,S
Plantae, ,Iles berteroi,Palo blaco,NATIVA (N)                    ,S
Plantae,Cyclopogon miradorensis,Cyclopogon miradorensis,,NATIVA (N)                    ,S
Plantae,Hapalorchis lineata,Hapalorchis lineata,,NATIVA (N)                    ,S
Plantae,Liparis viridipurpurea,Liparis viridipurpurea,,NATIVA (N)                    ,S
Plantae,Epidendrum difforme,Epidendrum difforme,,NATIVA (N)                    ,S
Plantae, ,Ilex fuertesiana,Palo blaco,ENDEMICA (E)                  ,S
Plantae,Epidendrum neoporpax,Epidendrum neoporpax,,NATIVA (N)                    ,S
Plantae,Epidendrum repens,Epidendrum repens,,NATIVA (N)                    ,S
Plantae, ,Ilex microwrightioides,,ENDEMICA (E)                  ,S
Plantae, ,Ilex tuerckheimii,Palo blaco,ENDEMICA (E)                  ,S
Plantae, ,Didymopanax tremulus,Palo de viento,ENDEMICA (E)                  ,S
Plantae, ,Coccothrinax scoparia,,ENDEMICA (E)                  ,S
Plantae, ,Haitiella ekmanii,Guanito,ENDEMICA (E)                  ,S
Plantae, ,Reinhardtia paiewonskiana,Coquito,ENDEMICA (E)                  ,S
Plantae,Clidemia angustilamina,Clidemia angustilamina,,ENDEMICA (E)                  ,S
Plantae, ,Aristolochia chasmema,,ENDEMICA (E)                  ,S
Plantae, ,Asclepia nivea,Algodn de seda,NATIVA (N)                    ,S
Plantae, ,Cynanchum gonavense,,ENDEMICA (E)                  ,S
Plantae, ,Cynanchum leptocladum,,NATIVA (N)                    ,S
Plantae, ,Marsdenia clausa,Curamaguey,NATIVA (N)                    ,S
Plantae, ,Marsdenia linearis,Cucharita,NATIVA (N)                    ,S
Plantae, ,Baccharis haitiensis,,ENDEMICA (E)                  ,S
Plantae, ,Chaptalia angustata,,ENDEMICA (E)                  ,S
Plantae, ,Erechtites valerianaefolia,Yerba de canela,NATIVA (N)                    ,S
Plantae, ,Eupatorium dictyoneurum,,ENDEMICA (E)                  ,S
Plantae, ,Eupatorium gabbii,,ENDEMICA (E)                  ,S
Plantae, ,Eupatorium havanensis HAVANESE ?,,ENDEMICA (E)                  ,S
Plantae, ,Eupatorium illitium,,ENDEMICA (E)                  ,S
Plantae, ,Eupatorium sophiaefolium,,ENDEMICA (E)                  ,S
Plantae, ,Gnaphalium eggersii,,ENDEMICA (E)                  ,S
Plantae, ,Gochnatia sp.,,ENDEMICA (E)                  ,S
Plantae, ,Herodotia mikanioides,,ENDEMICA (E)                  ,S
Plantae,Trema lamarckiana,Trema lamarckiana,,NATIVA (N)                    ,S
Plantae,Trema micrantha,Trema micrantha,Memiso de paloma,NATIVA (N)                    ,S
Plantae,Guaiacum officinale,Guaiacum officinale,Guayacn,NATIVA (N)                    ,S
Plantae, ,Lantanopsis hispidula,,ENDEMICA (E)                  ,S
Plantae, ,Latuca canadensis,,NATIVA (N)                    ,S
Plantae, ,Liabum selleanum,,ENDEMICA (E)                  ,S
Plantae, ,Mikania papillosa,Bejuco blanco,ENDEMICA (E)                  ,S
Plantae, ,Mikania tripartita,,ENDEMICA (E)                  ,S
Plantae, ,Narvalina domingensis,,ENDEMICA (E)                  ,S
Plantae, ,Pinillosia berterii,,NATIVA (N)                    ,S
Plantae, ,Proustia crassinervis,,ENDEMICA (E)                  ,S
Plantae, ,Senecio barahonensis,,ENDEMICA (E)                  ,S
Plantae, ,Senecio buchii,,ENDEMICA (E)                  ,S
Plantae, ,Senecio domingensis,,ENDEMICA (E)                  ,S
Plantae, ,Senecio haitianensis,,ENDEMICA (E)                  ,S
Plantae, ,Senecio hotteanum,,ENDEMICA (E)                  ,S
Plantae, ,Senecio lucens,,ENDEMICA (E)                  ,S
Plantae, ,Senecio picardae,,ENDEMICA (E)                  ,S
Plantae, ,Senecio trinervus,,NATIVA (N)                    ,S
Plantae, ,Siegesbeckia orientalis,,NATIVA (N)                    ,S
Plantae, ,Vernonia fruticosa,Guatabo de chivo,NATIVA (N)                    ,S
Plantae, ,Vernonia stenophylla,,ENDEMICA (E)                  ,S
Plantae, ,Wedelia ehrenbergii,Clavelillo,NATIVA (N)                    ,S
Plantae,Leptocereus weingartianus,Leptocereus weingartianus,Cayuco,ENDEMICA (E)                  ,S
Plantae,Opuntia taylorii,Opuntia taylorii,Muslo de pollo,ENDEMICA (E)                  ,S
Plantae, ,Wulffia buccata,,NATIVA (N)                    ,S
Plantae, ,Begonia domingensis,Cocaria,ENDEMICA (E)                  ,S
Plantae, ,Catalpa brevipes,,ENDEMICA (E)                  ,S
Plantae,Melocactus lemairei,Melocactus lemairei,Melon espinoso,ENDEMICA (E)                  ,S
Plantae, ,Ekmanianthe longiflora,Roble de Puerto Rico,NATIVA (N)                    ,S
Plantae, ,Dictitis lactiflora,,NATIVA (N)                    ,S
Plantae, ,Jacaranda ekmani,,ENDEMICA (E)                  ,S
Plantae, ,Tabebuia berterii,Aceituno,ENDEMICA (E)                  ,S
Plantae, ,Tabebuia densifolia,,ENDEMICA (E)                  ,S
Plantae, ,Tabebuia domingensis,,ENDEMICA (E)                  ,S
Plantae, ,Tabebuia microphylla,,ENDEMICA (E)                  ,S
Plantae, ,Tabebuia ostenfeldii,,ENDEMICA (E)                  ,S
Plantae, ,Tecoma stans,Saco amarillo,NATIVA (N)                    ,S
Plantae, ,Bourreria brachypoda,,ENDEMICA (E)                  ,S
Plantae, ,Bourreria divaricata,,ENDEMICA (E)                  ,S
Plantae, ,Cordia dependens,,ENDEMICA (E)                  ,S
Plantae, ,Cordia ignea,,ENDEMICA (E)                  ,S
Plantae, ,Cordia salvifolia,Coquillo,ENDEMICA (E)                  ,S
Plantae, ,Cordia selleana,,ENDEMICA (E)                  ,S
Plantae,Pilosocereus polygonus,Pilosocereus polygonus,Cayuco,ENDEMICA (E)                  ,S
Plantae, ,Tournefortia glabra,Nigua hedionda,NATIVA (N)                    ,S
Plantae, ,Tournefortia selleana,,ENDEMICA (E)                  ,S
Plantae,Pereskia portulacifolia,Pereskia portulacifolia,,ENDEMICA (E)                  ,S
Plantae, ,Tournefortia stenophylla,,NATIVA (N)                    ,S
Plantae, ,Cardamine africana,,NO DEFINIDO                   ,S
Plantae, ,Guzmania ekmanii,,ENDEMICA (E)                  ,S
Plantae, ,Pitcairnia elizabethae,,ENDEMICA (E)                  ,S
Plantae, ,Tillandsia baliophylla,,NATIVA (N)                    ,S
Plantae, ,Tillandsia caribaea,,NATIVA (N)                    ,S
Plantae, ,Tillandsia compacta,,NATIVA (N)                    ,S
Plantae, ,Tillandsia hotteana,,ENDEMICA (E)                  ,S
Plantae,Neoabbottia paniculata,Neoabbottia paniculata,,ENDEMICA (E)                  ,S
Plantae, ,Tillandsia moscosoi,,ENDEMICA (E)                  ,S
Plantae, ,Tillandsia schiedeana,,NATIVA (N)                    ,S
Plantae, ,Vriesea incurva,,NATIVA (N)                    ,S
Plantae, ,Bursera brunea,,ENDEMICA (E)                  ,S
Plantae, ,Bursera spinicens,,ENDEMICA (E)                  ,S
Plantae, ,Buxus glomerata,,NATIVA (N)                    ,S
Plantae, ,Opuntia caribea,,NATIVA (N)                    ,S
Plantae, ,Arcoa gonavensis,,ENDEMICA (E)                  ,S
Plantae, ,Caesalpinia decapetata,,INTRODUCIDA (I)               ,S
Plantae, ,Caesalpinia domingensis,,ENDEMICA (E)                  ,S
Plantae, ,Caesalpinia glandulosa,,ENDEMICA (E)                  ,S
Plantae, ,Caesalpinia sphaerosperma,,ENDEMICA (E)                  ,S
Plantae, ,Chamaecrista cf. nictitans,,NATIVA (N)                    ,S
Plantae, ,Senna angustisiliqua,,ENDEMICA (E)                  ,S
Plantae, ,Senna domingensis,,ENDEMICA (E)                  ,S
Plantae, ,Cannella winterana,,NATIVA (N)                    ,S
Plantae, ,Capparis cynophallophora,,NATIVA (N)                    ,S
Plantae, ,Elaodendron xylocarpa,,NATIVA (N)                    ,S
Plantae, ,Maytenus buxifolia,,NATIVA (N)                    ,S
Plantae, ,Maytenus domingensis,,ENDEMICA (E)                  ,S
Plantae, ,Hedyosmum domingense,,ENDEMICA (E)                  ,S
Plantae, ,Rheedia aristata,,NATIVA (N)                    ,S
Plantae, ,Evolvulus arbuscula,,NATIVA (N)                    ,S
Plantae, ,Evolvulus convuloides,,NATIVA (N)                    ,S
Plantae, ,Ipomoea desrousseauii,,ENDEMICA (E)                  ,S
Plantae, ,Ipomoea furcyensis,,ENDEMICA (E)                  ,S
Plantae, ,Ipomoea viridiflora,,ENDEMICA (E)                  ,S
Plantae, ,Turbina racemosa,,NATIVA (N)                    ,S
Plantae, ,Turbina rudolphii,,NATIVA (N)                    ,S
Plantae, ,Cucurmis anguria,,NATIVA (N)                    ,S
Plantae, ,Penelopeia suburceolata,,NATIVA (N)                    ,S
Plantae,Harrisia nashii,Harrisia nashii,,ENDEMICA (E)                  ,S
Plantae, ,Weinmannia pinnta,,NATIVA (N)                    ,S
Plantae, ,Juniperus ekmanii,,ENDEMICA (E)                  ,S
Plantae, ,Bulbostylis,,NATIVA (N)                    ,S
Plantae, ,Bulbostylis,,NATIVA (N)                    ,S
Plantae, ,Carex scabrella,,NATIVA (N)                    ,S
Plantae, ,Rhynchospora domingensis,,NATIVA (N)                    ,S
Plantae, ,Diospyros,,NO DEFINIDO                   ,S
Plantae, ,Lyonia microcarpa,,ENDEMICA (E)                  ,S
Plantae, ,Erythroxylum minutifolium,,NATIVA (N)                    ,S
Plantae, ,Erythroxylum rotundifolia,,NATIVA (N)                    ,S
Plantae, ,Acalypha cuspidata,,NATIVA (N)                    ,S
Plantae, ,Acalypha pendula,,ENDEMICA (E)                  ,S
Plantae, ,Acidocroton horridus,,ENDEMICA (E)                  ,S
Plantae, ,Acidocotron litoralis,,ENDEMICA (E)                  ,S
Plantae, ,Acidoton varifolius,,ENDEMICA (E)                  ,S
Plantae, ,Acidoton microphyllus,Genarito,ENDEMICA (E)                  ,S
Plantae, ,Bernardia tenuifolia,,ENDEMICA (E)                  ,S
Plantae, ,Chamasyce hypericifolia,Yerba lechera,NATIVA (N)                    ,S
Plantae, ,Chascotheca neopeltandra,,NATIVA (N)                    ,S
Plantae, ,Cnidoscolus acrandus,Pringa leche,ENDEMICA (E)                  ,S
Plantae, ,Croton azuensis,,ENDEMICA (E)                  ,S
Plantae, ,Croton ciliato-glanduliferus,Palo de berraco,NATIVA (N)                    ,S
Plantae, ,Croton coronatus,Palo de berraco,ENDEMICA (E)                  ,S
Plantae, ,Croton poitaei,Palo de berraco,ENDEMICA (E)                  ,S
Plantae, ,Drypetes sapium,,NATIVA (N)                    ,S
Plantae, ,Euphorbia tuerckheimii,,ENDEMICA (E)                  ,S
Plantae, ,Euphorbia umbrosa,,ENDEMICA (E)                  ,S
Plantae, ,Gymnanthes pallens,,NATIVA (N)                    ,S
Plantae, ,Hippomane horrida,,ENDEMICA (E)                  ,S
Plantae, ,Jatropha gossipifolia,Tua-tua,NATIVA (N)                    ,S
Plantae, ,Jatropha hernandifolia,,NATIVA (N)                    ,S
Plantae, ,Phyllanthus buchii,,ENDEMICA (E)                  ,S
Plantae, ,Phyllanthus maleolens,,ENDEMICA (E)                  ,S
Plantae, ,Sapium sp.,,NO DEFINIDO                   ,S
Plantae, ,Sapium buchii,Bois brulant,ENDEMICA (E)                  ,S
Plantae, ,Savia erythroxyloides,,NATIVA (N)                    ,S
Plantae, ,Sebastiana picardae,,ENDEMICA (E)                  ,S
Plantae, ,Brya buxyfolia,Granadillo,NATIVA (N)                    ,S
Plantae, ,Erythrina buchii,Immortel,ENDEMICA (E)                  ,S
Plantae, ,Galactia dictyophylla,,ENDEMICA (E)                  ,S
Plantae, ,Galactia cf.,,ENDEMICA (E)                  ,S
Plantae, ,Galactia rudolphioides,,ENDEMICA (E)                  ,S
Plantae, ,Lonchocarpus pycnophyllus,,ENDEMICA (E)                  ,S
Plantae, ,Meicago lupulina,,NATIVA (N)                    ,S
Plantae, ,Pictetia spinifolia,Palo de tabaco,NATIVA (N)                    ,S
Plantae, ,Piscidia ekmanii,Bois ivrant,ENDEMICA (E)                  ,S
Plantae, ,Poitea galegoides,Aritos,ENDEMICA (E)                  ,S
Plantae, ,Sophora albopetiolulata,,ENDEMICA (E)                  ,S
Plantae, ,Sophora oligosperma,,ENDEMICA (E)                  ,S
Plantae, ,Fumaria muralis,,NATIVA (N)                    ,S
Plantae, ,Banara sp.,,NATIVA (N)                    ,S
Plantae, ,Casearia ilicifolia,Chicharrn,ENDEMICA (E)                  ,S
Plantae, ,Lunania cf.,,NATIVA (N)                    ,S
Plantae, ,Priamosia domingensis,Mucha gente,ENDEMICA (E)                  ,S
Plantae, ,Zuelania guidonia,Cachimn marrn,ENDEMICA (E)                  ,S
Plantae, ,Rhytidophyllum leocamallon,,ENDEMICA (E)                  ,S
Plantae, ,Coeloneurum ferrugineum,,ENDEMICA (E)                  ,S
Plantae, ,Ottoschulzia domingensis,,ENDEMICA (E)                  ,S
Plantae, ,Leonorus sibiricus,,NATIVA (N)                    ,S
Plantae, ,Salvia bahorucana,,ENDEMICA (E)                  ,S
Plantae, ,Satureja domingensis,,ENDEMICA (E)                  ,S
Plantae, ,Ocotea acarina,,ENDEMICA (E)                  ,S
Plantae, ,Ocotea coricea,,NATIVA (N)                    ,S
Plantae, ,Persea anomala,,NATIVA (N)                    ,S
Plantae, ,Loasa plumieri,,ENDEMICA (E)                  ,S
Plantae, ,Arcethobium bicarinatum,,ENDEMICA (E)                  ,S
Plantae, ,Dendropemon alatus,,ENDEMICA (E)                  ,S
Plantae, ,Dendropemon brachicarpus,,ENDEMICA (E)                  ,S
Plantae, ,Dendropemon pycnophyllus,,ENDEMICA (E)                  ,S
Plantae, ,Dendropemon sp.,,ENDEMICA (E)                  ,S
Plantae, ,Dentrophtora cupressoides,,NATIVA (N)                    ,S
Plantae, ,Magnolia hamorii,,ENDEMICA (E)                  ,S
Plantae, ,Malpighia micropetala,,ENDEMICA (E)                  ,S
Plantae, ,Triopteris buchii,,NATIVA (N)                    ,S
Plantae, ,Triopteris jamaicensis,,NATIVA (N)                    ,S
Plantae, ,Herssantia crispa,,NATIVA (N)                    ,S
Plantae, ,Pavonia coccinea,,ENDEMICA (E)                  ,S
Plantae, ,Wisadula amplissima,,NATIVA (N)                    ,S
Plantae, ,Calycogonium cf.,,ENDEMICA (E)                  ,S
Plantae, ,Calycogonium tetragonolobum,,ENDEMICA (E)                  ,S
Plantae, ,Henriettella barkeri,,ENDEMICA (E)                  ,S
Plantae, ,Leandra inaequideus,,ENDEMICA (E)                  ,S
Plantae, ,Mecranium acuminatum,,NATIVA (N)                    ,S
Plantae, ,Mecranium ovatum,,ENDEMICA (E)                  ,S
Plantae, ,Meriania involucrata,,ENDEMICA (E)                  ,S
Plantae, ,Miconia feruginea,,ENDEMICA (E)                  ,S
Plantae, ,Miconia cf.,,ENDEMICA (E)                  ,S
Plantae, ,Miconia lanceolata,,ENDEMICA (E)                  ,S
Plantae, ,Miconia rigidissima,,ENDEMICA (E)                  ,S
Plantae, ,Miconia selleana,,ENDEMICA (E)                  ,S
Plantae, ,Ossaea limoides,,ENDEMICA (E)                  ,S
Plantae, ,Tetrazygia tuerckheimii,,ENDEMICA (E)                  ,S
Plantae, ,Guarea sphenophylia,,ENDEMICA (E)                  ,S
Plantae, ,Disciphania domingensis,,ENDEMICA (E)                  ,S
Plantae, ,Abarena oppositifolia,,NATIVA (N)                    ,S
Plantae, ,Acacia barahonensis,,ENDEMICA (E)                  ,S
Plantae, ,Acacia cocuyo,,ENDEMICA (E)                  ,S
Plantae, ,Calliandra pedicellata,,ENDEMICA (E)                  ,S
Plantae, ,Calliandra picardae,,ENDEMICA (E)                  ,S
Plantae, ,Chloroleucon guantanamensie,,NATIVA (N)                    ,S
Plantae, ,Mimosa diplacantha,,ENDEMICA (E)                  ,S
Plantae, ,Obolinga zanoni,,ENDEMICA (E)                  ,S
Plantae, ,Pithecellobium domingense,,ENDEMICA (E)                  ,S
Plantae, ,Dorstenia sp.,,NO DEFINIDO                   ,S
Plantae, ,Ficus cf.,,NATIVA (N)                    ,S
Plantae, ,Ficus maxima,,NATIVA (N)                    ,S
Plantae, ,Myrica picardae,,ENDEMICA (E)                  ,S
Plantae, ,Ardisia angustata,,ENDEMICA (E)                  ,S
Plantae, ,Ardisia fuertesii,,ENDEMICA (E)                  ,S
Plantae, ,Ardisia picardae,,ENDEMICA (E)                  ,S
Plantae, ,Myrsine nubicola,,ENDEMICA (E)                  ,S
Plantae, ,Wallenia hughsonii,,ENDEMICA (E)                  ,S
Plantae, ,Wallenia laurifolia,,NATIVA (N)                    ,S
Plantae, ,Calyptranthes sp.,,ENDEMICA (E)                  ,S
Plantae, ,Eugenia abeggii,,ENDEMICA (E)                  ,S
Plantae, ,Eugenia chrootricha,,ENDEMICA (E)                  ,S
Plantae, ,Eugenia crenulata,,NATIVA (N)                    ,S
Plantae, ,Eugenia pomifera,,ENDEMICA (E)                  ,S
Plantae, ,Eugenia triputina,,ENDEMICA (E)                  ,S
Plantae, ,Eugenia sp.,,ENDEMICA (E)                  ,S
Plantae, ,Pimenta haitiensis,,ENDEMICA (E)                  ,S
Plantae, ,Plinia icardiana,,ENDEMICA (E)                  ,S
Plantae, ,Psidium haitiensis,,ENDEMICA (E)                  ,S
Plantae, ,Guapira brevipetiolata,,NATIVA (N)                    ,S
Plantae, ,Ximeniopsis horridus,,ENDEMICA (E)                  ,S
Plantae, ,Forestiera sellena,,ENDEMICA (E)                  ,S
Plantae, ,Fuchsia pringsheimii,,ENDEMICA (E)                  ,S
Plantae, ,Anacheilium vespum,,NATIVA (N)                    ,S
Plantae, ,Barbosella dussii,,NATIVA (N)                    ,S
Plantae, ,Calanthe calanthoides,,NATIVA (N)                    ,S
Plantae, ,Corallorrhiza ekmanii,,ENDEMICA (E)                  ,S
Plantae, ,Cranichis amplectens,,ENDEMICA (E)                  ,S
Plantae, ,Cyclopogon laxiflorus,,ENDEMICA (E)                  ,S
Plantae, ,Dichaea graminoides,,NATIVA (N)                    ,S
Plantae, ,Dichaea morrisii,,NATIVA (N)                    ,S
Plantae, ,Dichaea trichocarpa,,NATIVA (N)                    ,S
Plantae, ,Dendrophylax alcoa,,ENDEMICA (E)                  ,S
Plantae, ,Domingoa nodosa,,ENDEMICA (E)                  ,S
Plantae, ,Domingoa susiana,,ENDEMICA (E)                  ,S
Plantae, ,Elleanthus cephalotus,,NATIVA (N)                    ,S
Plantae, ,Epidendrum paranaense,,NATIVA (N)                    ,S
Plantae, ,Epidendrum soratae,,NATIVA (N)                    ,S
Plantae, ,Erythrodes laticalcari,,ENDEMICA (E)                  ,S
Plantae, ,Eurystyles alticola,,ENDEMICA (E)                  ,S
Plantae, ,Goodyera hispaniolae,,ENDEMICA (E)                  ,S
Plantae, ,Lepanthes bahorucana,,ENDEMICA (E)                  ,S
Plantae, ,Lepanthes cassicula,,ENDEMICA (E)                  ,S
Plantae, ,Lepanthes domingensis,,ENDEMICA (E)                  ,S
Plantae, ,Lepanthes erythostanga,,ENDEMICA (E)                  ,S
Plantae, ,Lepanthes fuertesii,,ENDEMICA (E)                  ,S
Plantae, ,Lepanthes hirsuta,,ENDEMICA (E)                  ,S
Plantae, ,Lepanthes hugsonii,,ENDEMICA (E)                  ,S
Plantae, ,Lepanthes marcanoi,,ENDEMICA (E)                  ,S
Plantae, ,Lepanthes moscosoi,,ENDEMICA (E)                  ,S
Plantae, ,Lepanthes nutanticaulis,,ENDEMICA (E)                  ,S
Plantae, ,Lepanthes penicillata,,ENDEMICA (E)                  ,S
Plantae, ,Lepanthes piepolis,,ENDEMICA (E)                  ,S
Plantae, ,Lepanthes striatifolia,,ENDEMICA (E)                  ,S
Plantae, ,Lepanthes teretipetala,,ENDEMICA (E)                  ,S
Plantae, ,Lepanthes trullifera,,ENDEMICA (E)                  ,S
Plantae, ,Lepanthes tudiana,,ENDEMICA (E)                  ,S
Plantae, ,Lepanthes zapotensis,,ENDEMICA (E)                  ,S
Plantae, ,Lepanthopsis anthocthenium,,ENDEMICA (E)                  ,S
Plantae, ,Lepanthopsis barahonensis,,ENDEMICA (E)                  ,S
Plantae, ,Lepanthopsis constanzensis,,ENDEMICA (E)                  ,S
Plantae, ,Lepanthopsis domingensis,,ENDEMICA (E)                  ,S
Plantae, ,Lepanthopsis moniliformis,,ENDEMICA (E)                  ,S
Plantae, ,Liparis neuroglossa,,NATIVA (N)                    ,S
Plantae, ,Lycate barringtoniae,,NATIVA (N)                    ,S
Plantae, ,Malaxis apiculata,,ENDEMICA (E)                  ,S
Plantae, ,Malaxis domingensis,,ENDEMICA (E)                  ,S
Plantae, ,Neocogniauxia hexaptera,,ENDEMICA (E)                  ,S
Plantae, ,Oncidium ariza - julianum,,ENDEMICA (E)                  ,S
Plantae, ,Oncidium compressicaule,,ENDEMICA (E)                  ,S
Plantae, ,Oncidium guianense,,ENDEMICA (E)                  ,S
Plantae, ,Oncidium gundlachii,,NATIVA (N)                    ,S
Plantae, ,Oncidium tuerckheimii,,ENDEMICA (E)                  ,S
Plantae, ,Pelexia quisqueyana,,ENDEMICA (E)                  ,S
Plantae, ,Pleurothallis bipapulare,,ENDEMICA (E)                  ,S
Plantae, ,Pleurothallis claudii,,ENDEMICA (E)                  ,S
Plantae, ,Pleurothallis curtisi,,ENDEMICA (E)                  ,S
Plantae, ,Pleurothallis dodii,,ENDEMICA (E)                  ,S
Plantae, ,Pleurothallis erosa,,ENDEMICA (E)                  ,S
Plantae, ,Pleurothallis cordifolia,,ENDEMICA (E)                  ,S
Plantae, ,Pleurothallis helenae,,NATIVA (N)                    ,S
Plantae, ,Pleurothallis oblongifolia,,NATIVA (N)                    ,S
Plantae, ,Pleurothallis parvula,,ENDEMICA (E)                  ,S
Plantae, ,Pleurothallis pendens,,ENDEMICA (E)                  ,S
Plantae, ,Polyradicion lindeniii,,NATIVA (N)                    ,S
Plantae, ,Ponthieva pauciflora,,NATIVA (N)                    ,S
Plantae, ,Prescottia cordifolia,,NATIVA (N)                    ,S
Plantae, ,Psychilis truncata,,ENDEMICA (E)                  ,S
Plantae, ,Psychilis vernicosa,,ENDEMICA (E)                  ,S
Plantae, ,Quisqueya ekmanii,,ENDEMICA (E)                  ,S
Plantae, ,Quisqueya holdridgei,,ENDEMICA (E)                  ,S
Plantae, ,Schiedeella amesiana,,NATIVA (N)                    ,S
Plantae, ,Schiedeella faucisanginea,,ENDEMICA (E)                  ,S
Plantae, ,Stelis domingensis,,ENDEMICA (E)                  ,S
Plantae, ,Stenorrhynchos lanceolata,,NATIVA (N)                    ,S
Plantae, ,Stenorrhynchos specious,,NATIVA (N)                    ,S
Plantae, ,Tetramicra bulbosa,,NATIVA (N)                    ,S
Plantae, ,Tetramicra ekmanii,,ENDEMICA (E)                  ,S
Plantae, ,Tetramicra parviflora,,NATIVA (N)                    ,S
Plantae, ,Trichopilia fragrans,,NATIVA (N)                    ,S
Plantae, ,Vanila barbelata,,NATIVA (N)                    ,S
Plantae, ,Pinus occidentalis,,ENDEMICA (E)                  ,S
Plantae, ,Peperomia acuminata,,ENDEMICA (E)                  ,S
Plantae, ,Peperomia cubensis,,ENDEMICA (E)                  ,S
Plantae, ,Peperomia leonardii,,ENDEMICA (E)                  ,S
Plantae, ,Peperomia cf.,,NATIVA (N)                    ,S
Plantae, ,Peperomia montazoana,,ENDEMICA (E)                  ,S
Plantae, ,Peperomia quadrifida,,NATIVA (N)                    ,S
Plantae, ,Peperomia reflexa,,NATIVA (N)                    ,S
Plantae, ,Peperomia tetrapylla,,NATIVA (N)                    ,S
Plantae, ,Peperomia unguiculata,,NATIVA (N)                    ,S
Plantae, ,Piper oviedoi,,ENDEMICA (E)                  ,S
Plantae, ,Piper pseudoconfusum,,ENDEMICA (E)                  ,S
Plantae, ,Arthrostylidum capillifolium,,NATIVA (N)                    ,S
Plantae, ,Eragrostis barrelieris,,NATIVA (N)                    ,S
Plantae, ,Panincum aciculare,,NATIVA (N)                    ,S
Plantae, ,Tripsacum dactylodes,,NATIVA (N)                    ,S
Plantae, ,Zeugites americana,,NATIVA (N)                    ,S
Plantae, ,Podocarpus aristulatus,,NATIVA (N)                    ,S
Plantae, ,Polygala fuertesii,,ENDEMICA (E)                  ,S
Plantae, ,Coccoloba flavescens,,ENDEMICA (E)                  ,S
Plantae, ,Coccoloba incrassata,,ENDEMICA (E)                  ,S
Plantae, ,Coccoloba leoganensis,,ENDEMICA (E)                  ,S
Plantae, ,Coccoloba picardae,,ENDEMICA (E)                  ,S
Plantae, ,Coccoloba subcordata,,ENDEMICA (E)                  ,S
Plantae, ,Talinum paniculata,,ENDEMICA (E)                  ,S
Plantae, ,Clematis fuertesii,,ENDEMICA (E)                  ,S
Plantae, ,Chimaphila domingensis,,ENDEMICA (E)                  ,S
Plantae, ,Ranunculus domingensis,,ENDEMICA (E)                  ,S
Plantae, ,Colubrina berteroana,,ENDEMICA (E)                  ,S
Plantae, ,Karwinskia caloneura,,ENDEMICA (E)                  ,S
Plantae, ,Reynosia mucronata,,NATIVA (N)                    ,S
Plantae, ,Prunus myrtofolia,,NATIVA (N)                    ,S
Plantae, ,Rubus eggersii,,ENDEMICA (E)                  ,S
Plantae, ,Antirhea heteroneura,,ENDEMICA (E)                  ,S
Plantae, ,Antirhea involucrata,,ENDEMICA (E)                  ,S
Plantae, ,Diodia domingensis,,ENDEMICA (E)                  ,S
Plantae, ,Exostema acuminatum,,NATIVA (N)                    ,S
Plantae, ,Exostema elegans,,ENDEMICA (E)                  ,S
Plantae, ,Exostema spinosum,,NATIVA (N)                    ,S
Plantae, ,Galium domingensis,,ENDEMICA (E)                  ,S
Plantae, ,Guettarda barahonensis,,ENDEMICA (E)                  ,S
Plantae, ,Guettarda lamprophylla,,ENDEMICA (E)                  ,S
Plantae, ,Guettarda nannocarpa,,ENDEMICA (E)                  ,S
Plantae, ,Guettarda ocoana,,ENDEMICA (E)                  ,S
Plantae, ,Isidorea brachyantha,,ENDEMICA (E)                  ,S
Plantae, ,Isidorea leonardii,,ENDEMICA (E)                  ,S
Plantae, ,Isidorea pungens,,ENDEMICA (E)                  ,S
Plantae, ,Lasianthus bahorucanus,,ENDEMICA (E)                  ,S
Plantae, ,Lisianthus lanceolatus,,NATIVA (N)                    ,S
Plantae, ,Mitracarpus brachystigma,,ENDEMICA (E)                  ,S
Plantae, ,Neolaugeria apiculata,,ENDEMICA (E)                  ,S
Plantae, ,Ottoschmidtia haitiensis,,ENDEMICA (E)                  ,S
Plantae, ,Palicourea eriantha,,NATIVA (N)                    ,S
Plantae, ,Phialanthus spec.,,NATIVA (N)                    ,S
Plantae, ,Picarda haitiensis,,ENDEMICA (E)                  ,S
Plantae, ,Psychotria baltenweckii,,ENDEMICA (E)                  ,S
Plantae, ,Psychotria dolichocalyx,,ENDEMICA (E)                  ,S
Plantae, ,Psychotria liogieri,,ENDEMICA (E)                  ,S
Plantae, ,Rondeletia barahonensis,,ENDEMICA (E)                  ,S
Plantae, ,Rondeletia conferta,,ENDEMICA (E)                  ,S
Plantae, ,Rondeletia fuertesii,,ENDEMICA (E)                  ,S
Plantae, ,Rondeletia ochracea,,ENDEMICA (E)                  ,S
Plantae, ,Rondeletia sp.,,ENDEMICA (E)                  ,S
Plantae, ,Schradera subsessilis,,NATIVA (N)                    ,S
Plantae, ,Scolosanthus acanthodes,,ENDEMICA (E)                  ,S
Plantae, ,Stevansia minutifolia,,ENDEMICA (E)                  ,S
Plantae, ,Plethadenia granulata,,ENDEMICA (E)                  ,S
Plantae, ,Zanthoxylum leonardii,,ENDEMICA (E)                  ,S
Plantae, ,Zanthoxylum nashii,,ENDEMICA (E)                  ,S
Plantae, ,Zanthoxylum obtriangulare,,ENDEMICA (E)                  ,S
Plantae, ,Zanthoxylum pimpinelloides,,ENDEMICA (E)                  ,S
Plantae, ,Meliosma impressa,,ENDEMICA (E)                  ,S
Plantae, ,Allophylus cominia,Tres palabra,NATIVA (N)                    ,S
Plantae, ,Allophylus montanus,,ENDEMICA (E)                  ,S
Plantae, ,Cardiospermun corindum,,NATIVA (N)                    ,S
Plantae, ,Dodonea angustifolia,,NATIVA (N)                    ,S
Plantae, ,Dodonea cf.,,NATIVA (N)                    ,S
Plantae, ,Serjania acupunctata,,ENDEMICA (E)                  ,S
Plantae, ,Thouinia domingensis,,ENDEMICA (E)                  ,S
Plantae, ,Thouinia tomentosa,,ENDEMICA (E)                  ,S
Plantae, ,Thouinidium inaequilaterium,,ENDEMICA (E)                  ,S
Plantae, ,Chrysophyllum aregenteum,,NATIVA (N)                    ,S
Plantae, ,Pouteria domingensis,,NATIVA (N)                    ,S
Plantae, ,Sideroxylon cf.,,ENDEMICA (E)                  ,S
Plantae, ,Sideroxylon domingensis,,ENDEMICA (E)                  ,S
Plantae, ,Sideroxylon foetidissimun,,NATIVA (N)                    ,S
Plantae, ,Sideroxylon repens,,ENDEMICA (E)                  ,S
Plantae, ,Sideroxylon salicifolia,,NATIVA (N)                    ,S
Plantae, ,Scrophularia bahorucana,,ENDEMICA (E)                  ,S
Plantae, ,Scrophularia densiflora,,COLONIZADORA (C)              ,S
Plantae, ,Alvaradoa haitiensis,,ENDEMICA (E)                  ,S
Plantae, ,Picramnia pentadra,,NATIVA (N)                    ,S
Plantae, ,Smilax domigensis,,NATIVA (N)                    ,S
Plantae, ,Cestrum coelophlebium,,ENDEMICA (E)                  ,S
Plantae, ,Cestrum domingensis,,ENDEMICA (E)                  ,S
Plantae, ,Cestrum fuertesii,,ENDEMICA (E)                  ,S
Plantae, ,Cestrum humilde,,ENDEMICA (E)                  ,S
Plantae, ,Cestrum mononeurum,,ENDEMICA (E)                  ,S
Plantae, ,Cestrum violaceum,,ENDEMICA (E)                  ,S
Plantae, ,Solanum aculeatum,,NATIVA (N)                    ,S
Plantae, ,Solanum fugax,,ENDEMICA (E)                  ,S
Plantae, ,Solanum polyacanthum,,ENDEMICA (E)                  ,S
Plantae, ,Solanum virgatum,,NATIVA (N)                    ,S
Plantae, ,Huertea cubensis,,NATIVA (N)                    ,S
Plantae, ,Turpinia picardae,,ENDEMICA (E)                  ,S
Plantae, ,Ayenia insulaecola,,NATIVA (N)                    ,S
Plantae, ,Ayenia violacea,,NATIVA (N)                    ,S
Plantae, ,Helicteres semitriloba,,NATIVA (N)                    ,S
Plantae, ,Symplocos berterii,,ENDEMICA (E)                  ,S
Plantae, ,Symplocos domingennsis,,ENDEMICA (E)                  ,S
Plantae, ,Cleyera albo-punctata,,NATIVA (N)                    ,S
Plantae, ,Ternstroemia penducularis,,NATIVA (N)                    ,S
Plantae, ,Ternstroemia selleana,,ENDEMICA (E)                  ,S
Plantae, ,Jacquinia berterii,,NATIVA (N)                    ,S
Plantae, ,Theophrasta americana,,ENDEMICA (E)                  ,S
Plantae, ,Theophrasta jussiaei,,ENDEMICA (E)                  ,S
Plantae, ,Daphnopsis crassifolia,,ENDEMICA (E)                  ,S
Plantae, ,Trema cubense,,NATIVA (N)                    ,S
Plantae, ,Gyrotaenia myriocarpa,,NATIVA (N)                    ,S
Plantae, ,Gyrotaenia trujillona,,ENDEMICA (E)                  ,S
Plantae, ,Phenax hirtus,,NATIVA (N)                    ,S
Plantae, ,Pilea lanceolata,,ENDEMICA (E)                  ,S
Plantae, ,Urea baccifera,,NATIVA (N)                    ,S
Plantae, ,Valerianaceae domingensis,,ENDEMICA (E)                  ,S
Plantae, ,Valerianaceae scandens,,NATIVA (N)                    ,S
Plantae, ,Citharexylum schulzii,,ENDEMICA (E)                  ,S
Plantae, ,Clerodendrum picardae,,ENDEMICA (E)                  ,S
Plantae, ,Clerodendrum spinosum,,ENDEMICA (E)                  ,S
Plantae, ,Phylla nodiflora,,NATIVA (N)                    ,S
Plantae, ,Priva domingensis,,ENDEMICA (E)                  ,S
Plantae, ,Pseudocarpidium domingensis,,ENDEMICA (E)                  ,S
Plantae, ,Hybanthus havanensis,,NATIVA (N)                    ,S
Plantae, ,Ampelocissus robinsonii,,NATIVA (N)                    ,S
Plantae, ,Hymenocallis caribea,,NO DEFINIDO                   ,S
Plantae, ,Spondia purpurea,,NO DEFINIDO                   ,S
Plantae, ,Asclepia curassavica,Algodn de seda,NO DEFINIDO                   ,S
Plantae, ,Roystonea hispaniolana,,NO DEFINIDO                   ,S
Plantae, ,Acrocomia quisqueyana,,NO DEFINIDO                   ,S
Plantae, ,Sphanelicola trilobata,,NO DEFINIDO                   ,S
Plantae, ,Magfadiena unguis-catis,,NO DEFINIDO                   ,S
Plantae, ,Cordia coloccoca,,NO DEFINIDO                   ,S
Plantae, ,Opuntia ficus indica,,NO DEFINIDO                   ,S
Plantae, ,Caesalpinia sp.,,NO DEFINIDO                   ,S
Plantae, ,Cassyta filiformis,,NO DEFINIDO                   ,S
Plantae, ,Capparis ferrugina,,NO DEFINIDO                   ,S
Plantae, ,Callisia  monandra,,NO DEFINIDO                   ,S
Plantae, ,Ipomea indica,Bejuco de batata,NO DEFINIDO                   ,S
Plantae, ,Ipomea pes-caprae,Batatilla,NO DEFINIDO                   ,S
Plantae, ,Chrisobalanus icaco,,NO DEFINIDO                   ,S
Plantae, ,Cyperus ligulares,,NO DEFINIDO                   ,S
Plantae, ,Diopyros domingensis,,NO DEFINIDO                   ,S
Plantae, ,Dripete alba,,NO DEFINIDO                   ,S
Plantae, ,Centrocema pubescens,,NO DEFINIDO                   ,S
Plantae, ,Stigmaphyllon anguloso,,NO DEFINIDO                   ,S
Plantae, ,Clidemia,,NO DEFINIDO                   ,S
Plantae, ,Mimosa domingensis,,NATIVA (N)                    ,S
Plantae, ,Pimenta ozua,,NO DEFINIDO                   ,S
Plantae, ,Argenome americana,Caldo santo,NO DEFINIDO                   ,S
Plantae, ,Coccoloba,,NO DEFINIDO                   ,S
Plantae, ,Coccoloba ceibensis,Uva cimarrona,NO DEFINIDO                   ,S
Plantae, ,Zanthoxylum elaphantiass,,NO DEFINIDO                   ,S
Plantae, ,Smilax populnea,,NO DEFINIDO                   ,S
Plantae, ,Pteris,,NO DEFINIDO                   ,S
Plantae, ,Miconia samanensis,Miconia,NO DEFINIDO                   ,S
Plantae, ,Mora abbotti,Cola,NO DEFINIDO                   ,S
Plantae, ,Coccoloba fuertesii,Uva cimarrona,NO DEFINIDO                   ,S
Plantae, ,Curatella americana,Cajuil cimarrn,NO DEFINIDO                   ,S
Plantae, ,Eugenia dictyophylla,Escobn,NO DEFINIDO                   ,S
Plantae, ,Alyra latifolia,Bambucillo,NO DEFINIDO                   ,S
Plantae, ,Bactris plumeriana,Catey,NO DEFINIDO                   ,S
Plantae, ,Bombacopsis emarginata,Juan colorado,NO DEFINIDO                   ,S
Plantae, ,Bourreria baccata,Mueco,NO DEFINIDO                   ,S
Plantae, ,Chrysophyllum cainito,Caimito,NO DEFINIDO                   ,S
Plantae, ,Cordia globosa,Juan prieto,NO DEFINIDO                   ,S
Plantae, ,Calliandra sp.,,NO DEFINIDO                   ,S
Plantae, ,Podocarpus hispaniolensis laubenfels,,NO DEFINIDO                   ,S
Plantae, ,Poitaea glyciphylla,Campanilla,NO DEFINIDO                   ,S
Plantae, ,Prestoae montana,Manacla,NO DEFINIDO                   ,S
Plantae, ,Psychotria heterochroa,Hoja de mueca,NO DEFINIDO                   ,S
Plantae, ,Rollina mucosa,Candongo,NO DEFINIDO                   ,S
Plantae, ,Saturega sp.,Organo cimarrn,NO DEFINIDO                   ,S
Plantae, ,Tabebuia volubilis,Bejuco de nigua,NO DEFINIDO                   ,S
Plantae, ,Tabebuia ophiolithica,Yagua,NO DEFINIDO                   ,S
Plantae, ,Tabebuia vinosa,Robillo,NO DEFINIDO                   ,S
Plantae, ,Tetrazygia sp.,,NO DEFINIDO                   ,S
Plantae, ,Turpinia americana,Violeta cimarrona,NO DEFINIDO                   ,S
Plantae, ,Calpa longissima,Roble,NATIVA (N)                    ,S
Plantae, ,Tillandsia sp.,Bromelia,NATIVA (N)                    ,S
Plantae, ,Meliosma recurvata,Chicharron Bobo,NATIVA (N)                    ,S
Plantae, ,Phyllanthus lindenianus,,ENDEMICA (E)                  ,S
Plantae, ,Gymnanthes lucida,Granadillo,NATIVA (N)                    ,S
Plantae, ,Albizia berteroana,Crbano,NO DEFINIDO                   ,S
Plantae, ,Ruellia tuberosa,Periquito,NO DEFINIDO                   ,S
Plantae, ,Caesalpinia barahonensis,Palo de brasil,NO DEFINIDO                   ,S
Plantae, ,Simarouba berteroana,Aceituno,NO DEFINIDO                   ,S
Plantae, ,Poitea dubia,Abre hombre tabacuelo,NO DEFINIDO                   ,S
Plantae, ,Melinis repens,Flor morada,NO DEFINIDO                   ,S
Plantae, ,Arthrostylidium,Calimete,NO DEFINIDO                   ,S
Plantae, ,Barleriola inermis,Chicharroncito,NO DEFINIDO                   ,S
Plantae, ,Coccoloba pauciflora,,NO DEFINIDO                   ,S
Plantae, ,Coccothrinax spissa,Guanode Bani,NO DEFINIDO                   ,S
Plantae, ,Lycopercicon esculentum,Tomate,NO DEFINIDO                   ,S
Plantae, ,Wallenia apiculata,Lengua de vaca,ENDEMICA (E)                  ,S
Plantae, ,Miconia angustilamina,,NATIVA (N)                    ,S
Plantae, ,Fuchsia triphylla,Cocaria,ENDEMICA (E)                  ,S
